{"cameraMode":{"drawMode":0,"name":"Shaded","section":"Shading Mode"},"sceneLighting":false,"audioPlay":false,"sceneViewState":{"showFog":true,"showMaterialUpdate":false,"showSkybox":false,"showFlares":true,"showImageEffects":true,"showParticleSystems":true},"in2DMode":false,"pivot":{"x":8.593180656433106,"y":0.7864567041397095,"z":1.396278738975525},"rotation":{"x":0.3382109999656677,"y":-0.45911964774131777,"z":0.19454945623874665,"w":0.7981392741203308},"size":1.1950945854187012,"orthographic":false}